"","OldRep","ThisRep","SmoothRep","NArow","ParticipationR","RelativePart","RowBonus"
"Voter 1",0.333333333333333,0.5,0.35,0,1,0.357142857142857,0.350464285714286
"Voter 2",0.333333333333333,0,0.3,1,0.9,0.321428571428571,0.301392857142857
"Voter 3",0.333333333333333,0.5,0.35,1,0.9,0.321428571428571,0.348142857142857
