"","QID1","QID2","QID3","QID4","QID5","QID6","QID7","QID8","QID9","QID10"
"First Loading",-0.632453783984561,0.316226891992281,-0.31622689199228,0,-0.0023511293084928,0,0,0,-0.632453783984561,0
"DecisionOutcomes.Raw",0.7,0.15,0.85,1,0.449814126394052,0,0,1,0.7,0.748800833333333
"Consensus Reward",0.0823529411764706,0.0823529411764706,0.0823529411764706,0.117647058823529,0.0823529411764706,0.117647058823529,0.117647058823529,0.117647058823529,0.0823529411764706,0.117647058823529
"Certainty",0.7,0.7,0.7,1,0.7,1,1,1,0.7,1
"NAs Filled",0,0,0,1,0,0,0,0,0,1
"ParticipationC",1,1,1,0.7,1,1,1,1,1,0.65
"Author Bonus",0.083951871657754,0.083951871657754,0.083951871657754,0.114866310160428,0.083951871657754,0.116951871657754,0.116951871657754,0.116951871657754,0.083951871657754,0.11451871657754
"DecisionOutcome.Final",1,0,1,1,0.449814126394052,0,0,1,1,0.748800833333333
