"","QID1","QID2","QID3","QID4","QID5","QID6","QID7","QID8","QID9","QID10"
"Voter 1",1,0,1,1,0.449814126394052,0,0,1,1,0.748800833333333
"Voter 2",0,0.5,0.5,NA,0.446096654275093,0,0,1,0,0.748800833333333
"Voter 3",1,0,1,1,0.449814126394052,0,0,1,1,NA
