"","OldRep","ThisRep","SmoothRep","NArow","ParticipationR","RelativePart","RowBonus"
"Voter 1",0.333333333333333,0.5,0.35,0,1,0.344827586206897,0.349844827586207
"Voter 2",0.333333333333333,0,0.3,1,0.9,0.310344827586207,0.300310344827586
"Voter 3",0.333333333333333,0.5,0.35,0,1,0.344827586206897,0.349844827586207
