"","QID1","QID2","QID3","QID4","QID5","QID6","QID7","QID8","QID9","QID10"
"First Loading",-0.816490827720689,0.408245413860345,-0.408245413860345,0,-0.0037539808171066,0,0,0,0,0
"DecisionOutcomes.Raw",0.7,0.15,0.85,1,0.55632183908046,0,0,1,1,0.748800833333333
"Consensus Reward",0.0795454545454545,0.0795454545454545,0.0795454545454545,0.113636363636364,0.0795454545454545,0.113636363636364,0.113636363636364,0.113636363636364,0.113636363636364,0.113636363636364
"Certainty",0.7,0.7,0.7,1,0.7,1,1,1,1,1
"NAs Filled",0,0,0,0,0,0,0,0,1,0
"ParticipationC",1,1,1,1,1,1,1,1,0.7,1
"Author Bonus",0.0802518744142455,0.0802518744142455,0.0802518744142455,0.113320056232427,0.0802518744142455,0.113320056232427,0.113320056232427,0.113320056232427,0.112392221180881,0.113320056232427
"DecisionOutcome.Final",1,0,1,1,0.55632183908046,0,0,1,1,0.748800833333333
